type,key,revision,last_modified,JSON
/type/author,/authors/OL10000275A,1,26/12/2021 21:47,"{""type"": {""key"": ""/type/author""}, ""name"": ""Karen McKnight Casey"", ""key"": ""/authors/OL10000275A"", ""source_records"": [""bwb:9781607526643""], ""latest_revision"": 1, ""revision"": 1, ""created"": {""type"": ""/type/datetime"", ""value"": ""2021-12-26T21:46:59.743910""}, ""last_modified"": {""type"": ""/type/datetime"", ""value"": ""2021-12-26T21:46:59.743910""}}"
/type/author,/authors/OL10000299A,1,26/12/2021 21:50,"{""type"": {""key"": ""/type/author""}, ""name"": ""Gerard De Vries"", ""key"": ""/authors/OL10000299A"", ""source_records"": [""bwb:9780230598775""], ""latest_revision"": 1, ""revision"": 1, ""created"": {""type"": ""/type/datetime"", ""value"": ""2021-12-26T21:49:59.894933""}, ""last_modified"": {""type"": ""/type/datetime"", ""value"": ""2021-12-26T21:49:59.894933""}}"
/type/author,/authors/OL10000345A,1,26/12/2021 22:09,"{""type"": {""key"": ""/type/author""}, ""name"": ""Herta Mag. Schaffer"", ""key"": ""/authors/OL10000345A"", ""source_records"": [""bwb:9783850403092""], ""latest_revision"": 1, ""revision"": 1, ""created"": {""type"": ""/type/datetime"", ""value"": ""2021-12-26T22:09:08.825590""}, ""last_modified"": {""type"": ""/type/datetime"", ""value"": ""2021-12-26T22:09:08.825590""}}"
/type/author,/authors/OL10000394A,1,26/12/2021 22:15,"{""type"": {""key"": ""/type/author""}, ""name"": ""Anton P. Lassmann"", ""key"": ""/authors/OL10000394A"", ""source_records"": [""bwb:9783850402361""], ""latest_revision"": 1, ""revision"": 1, ""created"": {""type"": ""/type/datetime"", ""value"": ""2021-12-26T22:15:09.489151""}, ""last_modified"": {""type"": ""/type/datetime"", ""value"": ""2021-12-26T22:15:09.489151""}}"
/type/author,/authors/OL10000487A,1,26/12/2021 22:25,"{""type"": {""key"": ""/type/author""}, ""name"": ""Radiohead Radiohead"", ""key"": ""/authors/OL10000487A"", ""source_records"": [""bwb:9781480339972""], ""latest_revision"": 1, ""revision"": 1, ""created"": {""type"": ""/type/datetime"", ""value"": ""2021-12-26T22:25:46.910112""}, ""last_modified"": {""type"": ""/type/datetime"", ""value"": ""2021-12-26T22:25:46.910112""}}"
/type/author,/authors/OL10000527A,1,26/12/2021 22:32,"{""type"": {""key"": ""/type/author""}, ""name"": ""Jeffrey L. Cooley"", ""key"": ""/authors/OL10000527A"", ""source_records"": [""bwb:9781575066936""], ""latest_revision"": 1, ""revision"": 1, ""created"": {""type"": ""/type/datetime"", ""value"": ""2021-12-26T22:32:15.312844""}, ""last_modified"": {""type"": ""/type/datetime"", ""value"": ""2021-12-26T22:32:15.312844""}}"
/type/author,/authors/OL10000937A,1,26/12/2021 23:35,"{""type"": {""key"": ""/type/author""}, ""name"": ""Deborah Crowle"", ""key"": ""/authors/OL10000937A"", ""source_records"": [""bwb:9780740609756""], ""latest_revision"": 1, ""revision"": 1, ""created"": {""type"": ""/type/datetime"", ""value"": ""2021-12-26T23:35:55.303793""}, ""last_modified"": {""type"": ""/type/datetime"", ""value"": ""2021-12-26T23:35:55.303793""}}"
/type/author,/authors/OL10000978A,1,26/12/2021 23:53,"{""type"": {""key"": ""/type/author""}, ""name"": ""Stephanie Voigt"", ""key"": ""/authors/OL10000978A"", ""source_records"": [""bwb:9783850403696""], ""latest_revision"": 1, ""revision"": 1, ""created"": {""type"": ""/type/datetime"", ""value"": ""2021-12-26T23:53:31.899552""}, ""last_modified"": {""type"": ""/type/datetime"", ""value"": ""2021-12-26T23:53:31.899552""}}"
/type/author,/authors/OL10000991A,1,26/12/2021 23:54,"{""type"": {""key"": ""/type/author""}, ""name"": ""Franz Josef Haydn"", ""key"": ""/authors/OL10000991A"", ""source_records"": [""bwb:9781476883199""], ""latest_revision"": 1, ""revision"": 1, ""created"": {""type"": ""/type/datetime"", ""value"": ""2021-12-26T23:54:13.641125""}, ""last_modified"": {""type"": ""/type/datetime"", ""value"": ""2021-12-26T23:54:13.641125""}}"
/type/author,/authors/OL10001018A,1,26/12/2021 23:58,"{""type"": {""key"": ""/type/author""}, ""name"": ""Manfred Moll"", ""key"": ""/authors/OL10001018A"", ""source_records"": [""bwb:9783850407144""], ""latest_revision"": 1, ""revision"": 1, ""created"": {""type"": ""/type/datetime"", ""value"": ""2021-12-26T23:58:12.246080""}, ""last_modified"": {""type"": ""/type/datetime"", ""value"": ""2021-12-26T23:58:12.246080""}}"
/type/author,/authors/OL10001178A,1,27/12/2021 00:12,"{""type"": {""key"": ""/type/author""}, ""name"": ""Ina Mayr"", ""key"": ""/authors/OL10001178A"", ""source_records"": [""bwb:9788490392812""], ""latest_revision"": 1, ""revision"": 1, ""created"": {""type"": ""/type/datetime"", ""value"": ""2021-12-27T00:12:29.412369""}, ""last_modified"": {""type"": ""/type/datetime"", ""value"": ""2021-12-27T00:12:29.412369""}}"
/type/author,/authors/OL10001244A,1,27/12/2021 00:23,"{""type"": {""key"": ""/type/author""}, ""name"": ""Alexandra Grund"", ""key"": ""/authors/OL10001244A"", ""source_records"": [""bwb:9783170241992""], ""latest_revision"": 1, ""revision"": 1, ""created"": {""type"": ""/type/datetime"", ""value"": ""2021-12-27T00:23:13.300023""}, ""last_modified"": {""type"": ""/type/datetime"", ""value"": ""2021-12-27T00:23:13.300023""}}"
/type/author,/authors/OL10001315A,1,27/12/2021 00:46,"{""type"": {""key"": ""/type/author""}, ""name"": ""Heidemarie Kronsteiner & Ursula Mulley"", ""key"": ""/authors/OL10001315A"", ""source_records"": [""bwb:9783850405324""], ""latest_revision"": 1, ""revision"": 1, ""created"": {""type"": ""/type/datetime"", ""value"": ""2021-12-27T00:46:43.587897""}, ""last_modified"": {""type"": ""/type/datetime"", ""value"": ""2021-12-27T00:46:43.587897""}}"
/type/author,/authors/OL10001584A,1,27/12/2021 01:19,"{""type"": {""key"": ""/type/author""}, ""name"": ""Elon"", ""key"": ""/authors/OL10001584A"", ""source_records"": [""bwb:9780805059656""], ""latest_revision"": 1, ""revision"": 1, ""created"": {""type"": ""/type/datetime"", ""value"": ""2021-12-27T01:19:11.671292""}, ""last_modified"": {""type"": ""/type/datetime"", ""value"": ""2021-12-27T01:19:11.671292""}}"
/type/author,/authors/OL10002329A,1,27/12/2021 02:48,"{""type"": {""key"": ""/type/author""}, ""name"": ""Ken WIllidau"", ""key"": ""/authors/OL10002329A"", ""source_records"": [""bwb:9781491723449""], ""latest_revision"": 1, ""revision"": 1, ""created"": {""type"": ""/type/datetime"", ""value"": ""2021-12-27T02:48:53.874044""}, ""last_modified"": {""type"": ""/type/datetime"", ""value"": ""2021-12-27T02:48:53.874044""}}"
/type/author,/authors/OL10002716A,1,27/12/2021 03:44,"{""type"": {""key"": ""/type/author""}, ""name"": ""Carlos Buela"", ""key"": ""/authors/OL10002716A"", ""source_records"": [""bwb:9781939018618""], ""latest_revision"": 1, ""revision"": 1, ""created"": {""type"": ""/type/datetime"", ""value"": ""2021-12-27T03:44:21.030399""}, ""last_modified"": {""type"": ""/type/datetime"", ""value"": ""2021-12-27T03:44:21.030399""}}"
/type/author,/authors/OL10002804A,1,27/12/2021 03:54,"{""type"": {""key"": ""/type/author""}, ""name"": ""Jonathan Pedlar"", ""key"": ""/authors/OL10002804A"", ""source_records"": [""bwb:9780702040191""], ""latest_revision"": 1, ""revision"": 1, ""created"": {""type"": ""/type/datetime"", ""value"": ""2021-12-27T03:54:04.287071""}, ""last_modified"": {""type"": ""/type/datetime"", ""value"": ""2021-12-27T03:54:04.287071""}}"
/type/author,/authors/OL10002980A,1,27/12/2021 04:23,"{""type"": {""key"": ""/type/author""}, ""name"": ""Heidi Stockhaus"", ""key"": ""/authors/OL10002980A"", ""source_records"": [""bwb:9783161536670""], ""latest_revision"": 1, ""revision"": 1, ""created"": {""type"": ""/type/datetime"", ""value"": ""2021-12-27T04:23:53.132206""}, ""last_modified"": {""type"": ""/type/datetime"", ""value"": ""2021-12-27T04:23:53.132206""}}"
/type/author,/authors/OL10003219A,1,27/12/2021 04:56,"{""type"": {""key"": ""/type/author""}, ""name"": ""Dietmar Roesner"", ""key"": ""/authors/OL10003219A"", ""source_records"": [""bwb:9783531900162""], ""latest_revision"": 1, ""revision"": 1, ""created"": {""type"": ""/type/datetime"", ""value"": ""2021-12-27T04:56:01.363373""}, ""last_modified"": {""type"": ""/type/datetime"", ""value"": ""2021-12-27T04:56:01.363373""}}"
/type/author,/authors/OL10003300A,1,27/12/2021 05:02,"{""type"": {""key"": ""/type/author""}, ""name"": ""Meredith Balgley"", ""key"": ""/authors/OL10003300A"", ""source_records"": [""bwb:9780983346685""], ""latest_revision"": 1, ""revision"": 1, ""created"": {""type"": ""/type/datetime"", ""value"": ""2021-12-27T05:02:30.174226""}, ""last_modified"": {""type"": ""/type/datetime"", ""value"": ""2021-12-27T05:02:30.174226""}}"
/type/author,/authors/OL10003644A,1,27/12/2021 05:46,"{""type"": {""key"": ""/type/author""}, ""name"": ""Sherman L. Jenkins"", ""key"": ""/authors/OL10003644A"", ""source_records"": [""bwb:9781442267282""], ""latest_revision"": 1, ""revision"": 1, ""created"": {""type"": ""/type/datetime"", ""value"": ""2021-12-27T05:46:04.027504""}, ""last_modified"": {""type"": ""/type/datetime"", ""value"": ""2021-12-27T05:46:04.027504""}}"
/type/author,/authors/OL10003693A,1,27/12/2021 05:49,"{""type"": {""key"": ""/type/author""}, ""name"": ""Tanja Wunderlich"", ""key"": ""/authors/OL10003693A"", ""source_records"": [""bwb:9783110510782""], ""latest_revision"": 1, ""revision"": 1, ""created"": {""type"": ""/type/datetime"", ""value"": ""2021-12-27T05:49:11.165272""}, ""last_modified"": {""type"": ""/type/datetime"", ""value"": ""2021-12-27T05:49:11.165272""}}"
/type/author,/authors/OL10004149A,1,27/12/2021 06:29,"{""type"": {""key"": ""/type/author""}, ""name"": ""Joachim Gottwald"", ""key"": ""/authors/OL10004149A"", ""source_records"": [""bwb:9781973588290""], ""latest_revision"": 1, ""revision"": 1, ""created"": {""type"": ""/type/datetime"", ""value"": ""2021-12-27T06:29:42.080085""}, ""last_modified"": {""type"": ""/type/datetime"", ""value"": ""2021-12-27T06:29:42.080085""}}"
/type/author,/authors/OL10004460A,1,27/12/2021 07:04,"{""type"": {""key"": ""/type/author""}, ""name"": ""Nuri Muhammad"", ""key"": ""/authors/OL10004460A"", ""source_records"": [""bwb:9789769556331""], ""latest_revision"": 1, ""revision"": 1, ""created"": {""type"": ""/type/datetime"", ""value"": ""2021-12-27T07:04:07.039204""}, ""last_modified"": {""type"": ""/type/datetime"", ""value"": ""2021-12-27T07:04:07.039204""}}"
/type/author,/authors/OL10004589A,1,27/12/2021 07:19,"{""type"": {""key"": ""/type/author""}, ""name"": ""Christophe Bottigheimer"", ""key"": ""/authors/OL10004589A"", ""source_records"": [""bwb:9780824599263""], ""latest_revision"": 1, ""revision"": 1, ""created"": {""type"": ""/type/datetime"", ""value"": ""2021-12-27T07:19:46.735932""}, ""last_modified"": {""type"": ""/type/datetime"", ""value"": ""2021-12-27T07:19:46.735932""}}"
/type/author,/authors/OL10005266A,1,27/12/2021 08:45,"{""type"": {""key"": ""/type/author""}, ""name"": ""Norbert Neuss"", ""key"": ""/authors/OL10005266A"", ""source_records"": [""bwb:9783170327238""], ""latest_revision"": 1, ""revision"": 1, ""created"": {""type"": ""/type/datetime"", ""value"": ""2021-12-27T08:45:44.344181""}, ""last_modified"": {""type"": ""/type/datetime"", ""value"": ""2021-12-27T08:45:44.344181""}}"
/type/author,/authors/OL10005640A,1,27/12/2021 09:22,"{""type"": {""key"": ""/type/author""}, ""name"": ""Insa Stephanie Jarass"", ""key"": ""/authors/OL10005640A"", ""source_records"": [""bwb:9783161561313""], ""latest_revision"": 1, ""revision"": 1, ""created"": {""type"": ""/type/datetime"", ""value"": ""2021-12-27T09:22:34.113506""}, ""last_modified"": {""type"": ""/type/datetime"", ""value"": ""2021-12-27T09:22:34.113506""}}"
/type/author,/authors/OL10005719A,1,27/12/2021 09:27,"{""type"": {""key"": ""/type/author""}, ""name"": ""Cesar Alcalde Blanco"", ""key"": ""/authors/OL10005719A"", ""source_records"": [""bwb:9781091636545""], ""latest_revision"": 1, ""revision"": 1, ""created"": {""type"": ""/type/datetime"", ""value"": ""2021-12-27T09:27:23.909621""}, ""last_modified"": {""type"": ""/type/datetime"", ""value"": ""2021-12-27T09:27:23.909621""}}"
/type/author,/authors/OL10006543A,1,27/12/2021 10:35,"{""type"": {""key"": ""/type/author""}, ""name"": ""Jesus SUBERO"", ""key"": ""/authors/OL10006543A"", ""source_records"": [""bwb:9781676452492""], ""latest_revision"": 1, ""revision"": 1, ""created"": {""type"": ""/type/datetime"", ""value"": ""2021-12-27T10:35:56.403237""}, ""last_modified"": {""type"": ""/type/datetime"", ""value"": ""2021-12-27T10:35:56.403237""}}"
/type/author,/authors/OL10006645A,1,27/12/2021 10:45,"{""type"": {""key"": ""/type/author""}, ""name"": ""Susanne Kopfli"", ""key"": ""/authors/OL10006645A"", ""source_records"": [""bwb:9783170346574""], ""latest_revision"": 1, ""revision"": 1, ""created"": {""type"": ""/type/datetime"", ""value"": ""2021-12-27T10:45:15.716082""}, ""last_modified"": {""type"": ""/type/datetime"", ""value"": ""2021-12-27T10:45:15.716082""}}"
/type/author,/authors/OL10007429A,1,27/12/2021 12:00,"{""type"": {""key"": ""/type/author""}, ""name"": ""S. C. Thust"", ""key"": ""/authors/OL10007429A"", ""source_records"": [""bwb:9781912776719""], ""latest_revision"": 1, ""revision"": 1, ""created"": {""type"": ""/type/datetime"", ""value"": ""2021-12-27T12:00:08.380216""}, ""last_modified"": {""type"": ""/type/datetime"", ""value"": ""2021-12-27T12:00:08.380216""}}"
/type/author,/authors/OL10007810A,1,27/12/2021 12:35,"{""type"": {""key"": ""/type/author""}, ""name"": ""Constanze Graml"", ""key"": ""/authors/OL10007810A"", ""source_records"": [""bwb:9783447112864""], ""latest_revision"": 1, ""revision"": 1, ""created"": {""type"": ""/type/datetime"", ""value"": ""2021-12-27T12:35:33.834769""}, ""last_modified"": {""type"": ""/type/datetime"", ""value"": ""2021-12-27T12:35:33.834769""}}"
/type/author,/authors/OL10008061A,1,27/12/2021 13:02,"{""type"": {""key"": ""/type/author""}, ""name"": ""Jamalyn Jaquess"", ""key"": ""/authors/OL10008061A"", ""source_records"": [""bwb:9780738612645""], ""latest_revision"": 1, ""revision"": 1, ""created"": {""type"": ""/type/datetime"", ""value"": ""2021-12-27T13:02:52.735656""}, ""last_modified"": {""type"": ""/type/datetime"", ""value"": ""2021-12-27T13:02:52.735656""}}"
/type/author,/authors/OL10008322A,1,27/12/2021 13:36,"{""type"": {""key"": ""/type/author""}, ""name"": ""William C. Dix"", ""key"": ""/authors/OL10008322A"", ""source_records"": [""bwb:9780758660848""], ""latest_revision"": 1, ""revision"": 1, ""created"": {""type"": ""/type/datetime"", ""value"": ""2021-12-27T13:36:23.613431""}, ""last_modified"": {""type"": ""/type/datetime"", ""value"": ""2021-12-27T13:36:23.613431""}}"
/type/author,/authors/OL10008673A,1,27/12/2021 14:12,"{""type"": {""key"": ""/type/author""}, ""name"": ""Janice Huszar"", ""key"": ""/authors/OL10008673A"", ""source_records"": [""bwb:9781400327102""], ""latest_revision"": 1, ""revision"": 1, ""created"": {""type"": ""/type/datetime"", ""value"": ""2021-12-27T14:12:28.933272""}, ""last_modified"": {""type"": ""/type/datetime"", ""value"": ""2021-12-27T14:12:28.933272""}}"
/type/author,/authors/OL10009051A,1,27/12/2021 14:56,"{""type"": {""key"": ""/type/author""}, ""name"": ""Mary Pozzi"", ""key"": ""/authors/OL10009051A"", ""source_records"": [""bwb:9781467104630""], ""latest_revision"": 1, ""revision"": 1, ""created"": {""type"": ""/type/datetime"", ""value"": ""2021-12-27T14:56:41.135338""}, ""last_modified"": {""type"": ""/type/datetime"", ""value"": ""2021-12-27T14:56:41.135338""}}"
/type/author,/authors/OL10009220A,1,27/12/2021 15:08,"{""type"": {""key"": ""/type/author""}, ""name"": ""Gabriel Di Bella"", ""key"": ""/authors/OL10009220A"", ""source_records"": [""bwb:9781513549989""], ""latest_revision"": 1, ""revision"": 1, ""created"": {""type"": ""/type/datetime"", ""value"": ""2021-12-27T15:08:17.892824""}, ""last_modified"": {""type"": ""/type/datetime"", ""value"": ""2021-12-27T15:08:17.892824""}}"
/type/author,/authors/OL10009346A,1,27/12/2021 15:14,"{""type"": {""key"": ""/type/author""}, ""name"": ""Rv-1961"", ""key"": ""/authors/OL10009346A"", ""source_records"": [""bwb:9780789925107""], ""latest_revision"": 1, ""revision"": 1, ""created"": {""type"": ""/type/datetime"", ""value"": ""2021-12-27T15:14:22.573899""}, ""last_modified"": {""type"": ""/type/datetime"", ""value"": ""2021-12-27T15:14:22.573899""}}"
/type/author,/authors/OL10009960A,1,27/12/2021 15:41,"{""type"": {""key"": ""/type/author""}, ""name"": ""Grammateia Kotsialou"", ""key"": ""/authors/OL10009960A"", ""source_records"": [""bwb:9781680838701""], ""latest_revision"": 1, ""revision"": 1, ""created"": {""type"": ""/type/datetime"", ""value"": ""2021-12-27T15:41:01.204089""}, ""last_modified"": {""type"": ""/type/datetime"", ""value"": ""2021-12-27T15:41:01.204089""}}"
/type/author,/authors/OL10010111A,1,27/12/2021 15:45,"{""type"": {""key"": ""/type/author""}, ""name"": ""Martin von der Ohe"", ""key"": ""/authors/OL10010111A"", ""source_records"": [""bwb:9783848779000""], ""latest_revision"": 1, ""revision"": 1, ""created"": {""type"": ""/type/datetime"", ""value"": ""2021-12-27T15:45:50.600128""}, ""last_modified"": {""type"": ""/type/datetime"", ""value"": ""2021-12-27T15:45:50.600128""}}"
/type/author,/authors/OL10010601A,1,27/12/2021 16:10,"{""type"": {""key"": ""/type/author""}, ""name"": ""Lee A. Chen"", ""key"": ""/authors/OL10010601A"", ""source_records"": [""amazon:1794375473""], ""latest_revision"": 1, ""revision"": 1, ""created"": {""type"": ""/type/datetime"", ""value"": ""2021-12-27T16:10:09.392874""}, ""last_modified"": {""type"": ""/type/datetime"", ""value"": ""2021-12-27T16:10:09.392874""}}"
/type/author,/authors/OL10010834A,1,27/12/2021 16:22,"{""type"": {""key"": ""/type/author""}, ""name"": ""Kara Finch"", ""key"": ""/authors/OL10010834A"", ""source_records"": [""bwb:9798515957902""], ""latest_revision"": 1, ""revision"": 1, ""created"": {""type"": ""/type/datetime"", ""value"": ""2021-12-27T16:22:50.858366""}, ""last_modified"": {""type"": ""/type/datetime"", ""value"": ""2021-12-27T16:22:50.858366""}}"
/type/author,/authors/OL10011191A,1,27/12/2021 16:40,"{""type"": {""key"": ""/type/author""}, ""name"": ""Hamed Barjesteh"", ""key"": ""/authors/OL10011191A"", ""source_records"": [""bwb:9781774078044""], ""latest_revision"": 1, ""revision"": 1, ""created"": {""type"": ""/type/datetime"", ""value"": ""2021-12-27T16:40:29.109878""}, ""last_modified"": {""type"": ""/type/datetime"", ""value"": ""2021-12-27T16:40:29.109878""}}"
/type/author,/authors/OL10011432A,1,27/12/2021 16:53,"{""type"": {""key"": ""/type/author""}, ""name"": ""David Moratto"", ""key"": ""/authors/OL10011432A"", ""source_records"": [""bwb:9780578582825""], ""latest_revision"": 1, ""revision"": 1, ""created"": {""type"": ""/type/datetime"", ""value"": ""2021-12-27T16:53:52.487127""}, ""last_modified"": {""type"": ""/type/datetime"", ""value"": ""2021-12-27T16:53:52.487127""}}"
/type/author,/authors/OL10011526A,1,27/12/2021 16:59,"{""type"": {""key"": ""/type/author""}, ""name"": ""Caitlin Howley"", ""key"": ""/authors/OL10011526A"", ""source_records"": [""bwb:9781648024689""], ""latest_revision"": 1, ""revision"": 1, ""created"": {""type"": ""/type/datetime"", ""value"": ""2021-12-27T16:59:33.864101""}, ""last_modified"": {""type"": ""/type/datetime"", ""value"": ""2021-12-27T16:59:33.864101""}}"
/type/author,/authors/OL10011594A,1,27/12/2021 17:02,"{""type"": {""key"": ""/type/author""}, ""name"": ""Christina Mundlos"", ""key"": ""/authors/OL10011594A"", ""source_records"": [""bwb:9783828829688""], ""latest_revision"": 1, ""revision"": 1, ""created"": {""type"": ""/type/datetime"", ""value"": ""2021-12-27T17:02:51.521775""}, ""last_modified"": {""type"": ""/type/datetime"", ""value"": ""2021-12-27T17:02:51.521775""}}"
/type/author,/authors/OL10011830A,1,27/12/2021 17:12,"{""type"": {""key"": ""/type/author""}, ""name"": ""Michael Lance Trope"", ""key"": ""/authors/OL10011830A"", ""source_records"": [""bwb:9780806190297""], ""latest_revision"": 1, ""revision"": 1, ""created"": {""type"": ""/type/datetime"", ""value"": ""2021-12-27T17:12:45.698359""}, ""last_modified"": {""type"": ""/type/datetime"", ""value"": ""2021-12-27T17:12:45.698359""}}"
/type/author,/authors/OL10011890A,1,27/12/2021 17:16,"{""type"": {""key"": ""/type/author""}, ""name"": ""Herbie Raad"", ""key"": ""/authors/OL10011890A"", ""source_records"": [""bwb:9781951600334""], ""latest_revision"": 1, ""revision"": 1, ""created"": {""type"": ""/type/datetime"", ""value"": ""2021-12-27T17:16:02.743691""}, ""last_modified"": {""type"": ""/type/datetime"", ""value"": ""2021-12-27T17:16:02.743691""}}"
/type/author,/authors/OL10012012A,1,27/12/2021 17:26,"{""type"": {""key"": ""/type/author""}, ""name"": ""Garrett J. DeWeese"", ""key"": ""/authors/OL10012012A"", ""source_records"": [""bwb:9780830839148""], ""latest_revision"": 1, ""revision"": 1, ""created"": {""type"": ""/type/datetime"", ""value"": ""2021-12-27T17:26:04.826572""}, ""last_modified"": {""type"": ""/type/datetime"", ""value"": ""2021-12-27T17:26:04.826572""}}"
/type/author,/authors/OL10012699A,1,27/12/2021 17:59,"{""type"": {""key"": ""/type/author""}, ""name"": ""Katya Kazbek"", ""key"": ""/authors/OL10012699A"", ""source_records"": [""bwb:9781953534026""], ""latest_revision"": 1, ""revision"": 1, ""created"": {""type"": ""/type/datetime"", ""value"": ""2021-12-27T17:59:23.451121""}, ""last_modified"": {""type"": ""/type/datetime"", ""value"": ""2021-12-27T17:59:23.451121""}}"
/type/author,/authors/OL10012737A,1,27/12/2021 18:03,"{""type"": {""key"": ""/type/author""}, ""name"": ""Rachael George"", ""key"": ""/authors/OL10012737A"", ""source_records"": [""bwb:9781951600471""], ""latest_revision"": 1, ""revision"": 1, ""created"": {""type"": ""/type/datetime"", ""value"": ""2021-12-27T18:03:50.198438""}, ""last_modified"": {""type"": ""/type/datetime"", ""value"": ""2021-12-27T18:03:50.198438""}}"
/type/author,/authors/OL10013127A,1,27/12/2021 18:33,"{""type"": {""key"": ""/type/author""}, ""name"": ""Dana Compton McCullough"", ""key"": ""/authors/OL10013127A"", ""source_records"": [""bwb:9781648024894""], ""latest_revision"": 1, ""revision"": 1, ""created"": {""type"": ""/type/datetime"", ""value"": ""2021-12-27T18:33:05.370285""}, ""last_modified"": {""type"": ""/type/datetime"", ""value"": ""2021-12-27T18:33:05.370285""}}"
/type/author,/authors/OL10013185A,1,27/12/2021 18:36,"{""type"": {""key"": ""/type/author""}, ""name"": ""R. L. Dailey"", ""key"": ""/authors/OL10013185A"", ""source_records"": [""bwb:9798517638878""], ""latest_revision"": 1, ""revision"": 1, ""created"": {""type"": ""/type/datetime"", ""value"": ""2021-12-27T18:36:12.804817""}, ""last_modified"": {""type"": ""/type/datetime"", ""value"": ""2021-12-27T18:36:12.804817""}}"
/type/author,/authors/OL10013595A,1,27/12/2021 19:01,"{""type"": {""key"": ""/type/author""}, ""name"": ""Oliver Pilcher"", ""key"": ""/authors/OL10013595A"", ""source_records"": [""bwb:9781614289333""], ""latest_revision"": 1, ""revision"": 1, ""created"": {""type"": ""/type/datetime"", ""value"": ""2021-12-27T19:01:28.472924""}, ""last_modified"": {""type"": ""/type/datetime"", ""value"": ""2021-12-27T19:01:28.472924""}}"
/type/author,/authors/OL10013703A,1,27/12/2021 19:08,"{""type"": {""key"": ""/type/author""}, ""name"": ""Funny Akeke Edition"", ""key"": ""/authors/OL10013703A"", ""source_records"": [""bwb:9798692971265""], ""latest_revision"": 1, ""revision"": 1, ""created"": {""type"": ""/type/datetime"", ""value"": ""2021-12-27T19:08:02.870911""}, ""last_modified"": {""type"": ""/type/datetime"", ""value"": ""2021-12-27T19:08:02.870911""}}"
/type/author,/authors/OL10014109A,1,27/12/2021 19:28,"{""type"": {""key"": ""/type/author""}, ""name"": ""Yaotian Chai"", ""key"": ""/authors/OL10014109A"", ""source_records"": [""bwb:9783848783489""], ""latest_revision"": 1, ""revision"": 1, ""created"": {""type"": ""/type/datetime"", ""value"": ""2021-12-27T19:27:59.546841""}, ""last_modified"": {""type"": ""/type/datetime"", ""value"": ""2021-12-27T19:27:59.546841""}}"
/type/author,/authors/OL10014139A,1,27/12/2021 19:29,"{""type"": {""key"": ""/type/author""}, ""name"": ""nursing notebooks nursing notebooks for nurses"", ""key"": ""/authors/OL10014139A"", ""source_records"": [""bwb:9798645853945""], ""latest_revision"": 1, ""revision"": 1, ""created"": {""type"": ""/type/datetime"", ""value"": ""2021-12-27T19:29:48.105550""}, ""last_modified"": {""type"": ""/type/datetime"", ""value"": ""2021-12-27T19:29:48.105550""}}"
/type/author,/authors/OL10014491A,1,27/12/2021 19:56,"{""type"": {""key"": ""/type/author""}, ""name"": ""Shanan Taylor Ballam"", ""key"": ""/authors/OL10014491A"", ""source_records"": [""bwb:9780942544817""], ""latest_revision"": 1, ""revision"": 1, ""created"": {""type"": ""/type/datetime"", ""value"": ""2021-12-27T19:56:25.636917""}, ""last_modified"": {""type"": ""/type/datetime"", ""value"": ""2021-12-27T19:56:25.636917""}}"
/type/author,/authors/OL10015002A,1,27/12/2021 20:33,"{""type"": {""key"": ""/type/author""}, ""name"": ""Asia Suler"", ""key"": ""/authors/OL10015002A"", ""source_records"": [""bwb:9781623176921""], ""latest_revision"": 1, ""revision"": 1, ""created"": {""type"": ""/type/datetime"", ""value"": ""2021-12-27T20:33:09.962500""}, ""last_modified"": {""type"": ""/type/datetime"", ""value"": ""2021-12-27T20:33:09.962500""}}"
/type/author,/authors/OL10015030A,1,27/12/2021 20:36,"{""type"": {""key"": ""/type/author""}, ""name"": ""Janet Kellogg Ray"", ""key"": ""/authors/OL10015030A"", ""source_records"": [""bwb:9780802879448""], ""latest_revision"": 1, ""revision"": 1, ""created"": {""type"": ""/type/datetime"", ""value"": ""2021-12-27T20:36:16.678344""}, ""last_modified"": {""type"": ""/type/datetime"", ""value"": ""2021-12-27T20:36:16.678344""}}"
/type/author,/authors/OL10015081A,1,27/12/2021 20:40,"{""type"": {""key"": ""/type/author""}, ""name"": ""Lauri Albert"", ""key"": ""/authors/OL10015081A"", ""source_records"": [""bwb:9781638073727""], ""latest_revision"": 1, ""revision"": 1, ""created"": {""type"": ""/type/datetime"", ""value"": ""2021-12-27T20:40:23.324126""}, ""last_modified"": {""type"": ""/type/datetime"", ""value"": ""2021-12-27T20:40:23.324126""}}"
/type/author,/authors/OL10015371A,1,27/12/2021 20:58,"{""type"": {""key"": ""/type/author""}, ""name"": ""Frederick Barnes Muehlhausen"", ""key"": ""/authors/OL10015371A"", ""source_records"": [""bwb:9781612497655""], ""latest_revision"": 1, ""revision"": 1, ""created"": {""type"": ""/type/datetime"", ""value"": ""2021-12-27T20:58:47.065983""}, ""last_modified"": {""type"": ""/type/datetime"", ""value"": ""2021-12-27T20:58:47.065983""}}"
/type/author,/authors/OL10015442A,1,27/12/2021 21:02,"{""type"": {""key"": ""/type/author""}, ""name"": ""RIMSports Gear"", ""key"": ""/authors/OL10015442A"", ""source_records"": [""amazon:1720249784""], ""latest_revision"": 1, ""revision"": 1, ""created"": {""type"": ""/type/datetime"", ""value"": ""2021-12-27T21:01:59.803353""}, ""last_modified"": {""type"": ""/type/datetime"", ""value"": ""2021-12-27T21:01:59.803353""}}"
/type/author,/authors/OL10015497A,1,27/12/2021 21:02,"{""type"": {""key"": ""/type/author""}, ""name"": ""N4tters Notes"", ""key"": ""/authors/OL10015497A"", ""source_records"": [""bwb:9798482021996""], ""latest_revision"": 1, ""revision"": 1, ""created"": {""type"": ""/type/datetime"", ""value"": ""2021-12-27T21:02:57.203486""}, ""last_modified"": {""type"": ""/type/datetime"", ""value"": ""2021-12-27T21:02:57.203486""}}"
/type/author,/authors/OL10015861A,1,27/12/2021 21:12,"{""type"": {""key"": ""/type/author""}, ""name"": ""Elisa BELLINO"", ""key"": ""/authors/OL10015861A"", ""source_records"": [""bwb:9781006471919""], ""latest_revision"": 1, ""revision"": 1, ""created"": {""type"": ""/type/datetime"", ""value"": ""2021-12-27T21:12:29.346396""}, ""last_modified"": {""type"": ""/type/datetime"", ""value"": ""2021-12-27T21:12:29.346396""}}"
/type/author,/authors/OL10015889A,1,27/12/2021 21:14,"{""type"": {""key"": ""/type/author""}, ""name"": ""Gregg Crisp"", ""key"": ""/authors/OL10015889A"", ""source_records"": [""bwb:9781098396329""], ""latest_revision"": 1, ""revision"": 1, ""created"": {""type"": ""/type/datetime"", ""value"": ""2021-12-27T21:14:09.005682""}, ""last_modified"": {""type"": ""/type/datetime"", ""value"": ""2021-12-27T21:14:09.005682""}}"
/type/author,/authors/OL10016202A,1,27/12/2021 21:22,"{""type"": {""key"": ""/type/author""}, ""name"": ""Zobi"", ""key"": ""/authors/OL10016202A"", ""source_records"": [""bwb:9798985064100""], ""latest_revision"": 1, ""revision"": 1, ""created"": {""type"": ""/type/datetime"", ""value"": ""2021-12-27T21:22:16.146782""}, ""last_modified"": {""type"": ""/type/datetime"", ""value"": ""2021-12-27T21:22:16.146782""}}"
/type/author,/authors/OL10016413A,1,27/12/2021 21:30,"{""type"": {""key"": ""/type/author""}, ""name"": ""Nilufar Karimi"", ""key"": ""/authors/OL10016413A"", ""source_records"": [""bwb:9781934819982""], ""latest_revision"": 1, ""revision"": 1, ""created"": {""type"": ""/type/datetime"", ""value"": ""2021-12-27T21:30:22.237997""}, ""last_modified"": {""type"": ""/type/datetime"", ""value"": ""2021-12-27T21:30:22.237997""}}"
/type/author,/authors/OL10016539A,1,27/12/2021 21:32,"{""type"": {""key"": ""/type/author""}, ""name"": ""David Schmall"", ""key"": ""/authors/OL10016539A"", ""source_records"": [""bwb:9781637523940""], ""latest_revision"": 1, ""revision"": 1, ""created"": {""type"": ""/type/datetime"", ""value"": ""2021-12-27T21:32:17.022526""}, ""last_modified"": {""type"": ""/type/datetime"", ""value"": ""2021-12-27T21:32:17.022526""}}"
/type/author,/authors/OL10016545A,1,27/12/2021 21:32,"{""type"": {""key"": ""/type/author""}, ""name"": ""Caulen Lauria"", ""key"": ""/authors/OL10016545A"", ""source_records"": [""bwb:9781685644642""], ""latest_revision"": 1, ""revision"": 1, ""created"": {""type"": ""/type/datetime"", ""value"": ""2021-12-27T21:32:20.400627""}, ""last_modified"": {""type"": ""/type/datetime"", ""value"": ""2021-12-27T21:32:20.400627""}}"
/type/author,/authors/OL1001654A,2,20/08/2008 18:02,"{""name"": ""Gail Osherenko"", ""personal_name"": ""Gail Osherenko"", ""last_modified"": {""type"": ""/type/datetime"", ""value"": ""2008-08-20T18:02:07.966538""}, ""key"": ""/authors/OL1001654A"", ""type"": {""key"": ""/type/author""}, ""revision"": 2}"
/type/author,/authors/OL10016616A,1,27/12/2021 21:34,"{""type"": {""key"": ""/type/author""}, ""name"": ""Bonnie J. Gibson"", ""key"": ""/authors/OL10016616A"", ""source_records"": [""bwb:9781953583185""], ""latest_revision"": 1, ""revision"": 1, ""created"": {""type"": ""/type/datetime"", ""value"": ""2021-12-27T21:34:19.071602""}, ""last_modified"": {""type"": ""/type/datetime"", ""value"": ""2021-12-27T21:34:19.071602""}}"
/type/author,/authors/OL10016627A,1,27/12/2021 21:34,"{""type"": {""key"": ""/type/author""}, ""name"": ""Blaike Wellington"", ""key"": ""/authors/OL10016627A"", ""source_records"": [""bwb:9781733522618""], ""latest_revision"": 1, ""revision"": 1, ""created"": {""type"": ""/type/datetime"", ""value"": ""2021-12-27T21:34:51.877023""}, ""last_modified"": {""type"": ""/type/datetime"", ""value"": ""2021-12-27T21:34:51.877023""}}"
/type/author,/authors/OL10016764A,1,27/12/2021 21:38,"{""type"": {""key"": ""/type/author""}, ""name"": ""Jalan Ward"", ""key"": ""/authors/OL10016764A"", ""source_records"": [""bwb:9780578304700""], ""latest_revision"": 1, ""revision"": 1, ""created"": {""type"": ""/type/datetime"", ""value"": ""2021-12-27T21:38:13.605083""}, ""last_modified"": {""type"": ""/type/datetime"", ""value"": ""2021-12-27T21:38:13.605083""}}"
/type/author,/authors/OL10017118A,1,27/12/2021 21:45,"{""type"": {""key"": ""/type/author""}, ""name"": ""Marlien Lourens"", ""key"": ""/authors/OL10017118A"", ""source_records"": [""amazon:152346142X""], ""latest_revision"": 1, ""revision"": 1, ""created"": {""type"": ""/type/datetime"", ""value"": ""2021-12-27T21:45:38.721546""}, ""last_modified"": {""type"": ""/type/datetime"", ""value"": ""2021-12-27T21:45:38.721546""}}"
/type/author,/authors/OL10017592A,1,27/12/2021 21:50,"{""type"": {""key"": ""/type/author""}, ""name"": ""Francia Kinchington Jennifer Patterson"", ""key"": ""/authors/OL10017592A"", ""source_records"": [""amazon:1527534731""], ""latest_revision"": 1, ""revision"": 1, ""created"": {""type"": ""/type/datetime"", ""value"": ""2021-12-27T21:50:29.104766""}, ""last_modified"": {""type"": ""/type/datetime"", ""value"": ""2021-12-27T21:50:29.104766""}}"
/type/author,/authors/OL10017707A,1,27/12/2021 21:51,"{""type"": {""key"": ""/type/author""}, ""name"": ""Roland Bardy, Arthur Rubens, Raymond Saner, Lichia Yiu"", ""key"": ""/authors/OL10017707A"", ""source_records"": [""amazon:1527563103""], ""latest_revision"": 1, ""revision"": 1, ""created"": {""type"": ""/type/datetime"", ""value"": ""2021-12-27T21:51:09.332476""}, ""last_modified"": {""type"": ""/type/datetime"", ""value"": ""2021-12-27T21:51:09.332476""}}"
/type/author,/authors/OL10018172A,1,27/12/2021 21:56,"{""type"": {""key"": ""/type/author""}, ""name"": ""3rd Grade Learning"", ""key"": ""/authors/OL10018172A"", ""source_records"": [""bwb:9798484447336""], ""latest_revision"": 1, ""revision"": 1, ""created"": {""type"": ""/type/datetime"", ""value"": ""2021-12-27T21:56:00.404620""}, ""last_modified"": {""type"": ""/type/datetime"", ""value"": ""2021-12-27T21:56:00.404620""}}"
/type/author,/authors/OL10018282A,1,27/12/2021 21:59,"{""type"": {""key"": ""/type/author""}, ""name"": ""Felicia Hooper"", ""key"": ""/authors/OL10018282A"", ""source_records"": [""bwb:9798471865556""], ""latest_revision"": 1, ""revision"": 1, ""created"": {""type"": ""/type/datetime"", ""value"": ""2021-12-27T21:59:08.652752""}, ""last_modified"": {""type"": ""/type/datetime"", ""value"": ""2021-12-27T21:59:08.652752""}}"
/type/author,/authors/OL10018632A,1,27/12/2021 22:10,"{""type"": {""key"": ""/type/author""}, ""name"": ""Kim Designe"", ""key"": ""/authors/OL10018632A"", ""source_records"": [""bwb:9798461832681""], ""latest_revision"": 1, ""revision"": 1, ""created"": {""type"": ""/type/datetime"", ""value"": ""2021-12-27T22:10:38.192913""}, ""last_modified"": {""type"": ""/type/datetime"", ""value"": ""2021-12-27T22:10:38.192913""}}"
/type/author,/authors/OL10018707A,1,27/12/2021 22:13,"{""type"": {""key"": ""/type/author""}, ""name"": ""Jeffery E. Andrews"", ""key"": ""/authors/OL10018707A"", ""source_records"": [""bwb:9798452989035""], ""latest_revision"": 1, ""revision"": 1, ""created"": {""type"": ""/type/datetime"", ""value"": ""2021-12-27T22:13:15.873099""}, ""last_modified"": {""type"": ""/type/datetime"", ""value"": ""2021-12-27T22:13:15.873099""}}"
/type/author,/authors/OL10019076A,1,27/12/2021 22:25,"{""type"": {""key"": ""/type/author""}, ""name"": ""Malcolm Douglass Whitman"", ""key"": ""/authors/OL10019076A"", ""source_records"": [""amazon:5519510504""], ""latest_revision"": 1, ""revision"": 1, ""created"": {""type"": ""/type/datetime"", ""value"": ""2021-12-27T22:25:14.713347""}, ""last_modified"": {""type"": ""/type/datetime"", ""value"": ""2021-12-27T22:25:14.713347""}}"
/type/author,/authors/OL1001921A,2,20/08/2008 18:04,"{""name"": ""Krzysztof Urbaniec"", ""personal_name"": ""Krzysztof Urbaniec"", ""last_modified"": {""type"": ""/type/datetime"", ""value"": ""2008-08-20T18:04:22.244098""}, ""key"": ""/authors/OL1001921A"", ""type"": {""key"": ""/type/author""}, ""revision"": 2}"
/type/author,/authors/OL1001942A,2,20/08/2008 18:04,"{""name"": ""Michael M. Lewis"", ""personal_name"": ""Michael M. Lewis"", ""last_modified"": {""type"": ""/type/datetime"", ""value"": ""2008-08-20T18:04:32.420595""}, ""key"": ""/authors/OL1001942A"", ""birth_date"": ""1943"", ""type"": {""key"": ""/type/author""}, ""revision"": 2}"
/type/author,/authors/OL10019679A,1,27/12/2021 22:46,"{""type"": {""key"": ""/type/author""}, ""name"": ""Dhalia X. Delossantos Agencia Editorial Digital"", ""key"": ""/authors/OL10019679A"", ""source_records"": [""bwb:9798545048106""], ""latest_revision"": 1, ""revision"": 1, ""created"": {""type"": ""/type/datetime"", ""value"": ""2021-12-27T22:46:40.566270""}, ""last_modified"": {""type"": ""/type/datetime"", ""value"": ""2021-12-27T22:46:40.566270""}}"
/type/author,/authors/OL10019943A,1,27/12/2021 22:58,"{""type"": {""key"": ""/type/author""}, ""name"": ""Jean-Paul BOLUFER"", ""key"": ""/authors/OL10019943A"", ""source_records"": [""bwb:9798468148679""], ""latest_revision"": 1, ""revision"": 1, ""created"": {""type"": ""/type/datetime"", ""value"": ""2021-12-27T22:58:47.822444""}, ""last_modified"": {""type"": ""/type/datetime"", ""value"": ""2021-12-27T22:58:47.822444""}}"
/type/author,/authors/OL10020146A,1,27/12/2021 23:06,"{""type"": {""key"": ""/type/author""}, ""name"": ""Linnesea Raptt"", ""key"": ""/authors/OL10020146A"", ""source_records"": [""bwb:9798482851999""], ""latest_revision"": 1, ""revision"": 1, ""created"": {""type"": ""/type/datetime"", ""value"": ""2021-12-27T23:06:18.112620""}, ""last_modified"": {""type"": ""/type/datetime"", ""value"": ""2021-12-27T23:06:18.112620""}}"
/type/author,/authors/OL10020262A,1,27/12/2021 23:12,"{""type"": {""key"": ""/type/author""}, ""name"": ""H. B STORE"", ""key"": ""/authors/OL10020262A"", ""source_records"": [""bwb:9798482625361""], ""latest_revision"": 1, ""revision"": 1, ""created"": {""type"": ""/type/datetime"", ""value"": ""2021-12-27T23:12:47.673449""}, ""last_modified"": {""type"": ""/type/datetime"", ""value"": ""2021-12-27T23:12:47.673449""}}"
/type/author,/authors/OL10020467A,1,27/12/2021 23:23,"{""type"": {""key"": ""/type/author""}, ""name"": ""Alayah Unicorn Sketchbook"", ""key"": ""/authors/OL10020467A"", ""source_records"": [""bwb:9798461533397""], ""latest_revision"": 1, ""revision"": 1, ""created"": {""type"": ""/type/datetime"", ""value"": ""2021-12-27T23:23:04.986852""}, ""last_modified"": {""type"": ""/type/datetime"", ""value"": ""2021-12-27T23:23:04.986852""}}"
/type/author,/authors/OL10020779A,1,27/12/2021 23:37,"{""type"": {""key"": ""/type/author""}, ""name"": ""Jamee Hughes"", ""key"": ""/authors/OL10020779A"", ""source_records"": [""bwb:9798540404778""], ""latest_revision"": 1, ""revision"": 1, ""created"": {""type"": ""/type/datetime"", ""value"": ""2021-12-27T23:37:11.982236""}, ""last_modified"": {""type"": ""/type/datetime"", ""value"": ""2021-12-27T23:37:11.982236""}}"
/type/author,/authors/OL1002090A,2,20/08/2008 18:06,"{""name"": ""Olivier Lecarme"", ""personal_name"": ""Olivier Lecarme"", ""last_modified"": {""type"": ""/type/datetime"", ""value"": ""2008-08-20T18:06:13.71921""}, ""key"": ""/authors/OL1002090A"", ""type"": {""key"": ""/type/author""}, ""revision"": 2}"
/type/author,/authors/OL10021098A,1,27/12/2021 23:53,"{""type"": {""key"": ""/type/author""}, ""name"": ""Fruitful Parent"", ""key"": ""/authors/OL10021098A"", ""source_records"": [""bwb:9798451627211""], ""latest_revision"": 1, ""revision"": 1, ""created"": {""type"": ""/type/datetime"", ""value"": ""2021-12-27T23:53:51.005511""}, ""last_modified"": {""type"": ""/type/datetime"", ""value"": ""2021-12-27T23:53:51.005511""}}"
/type/author,/authors/OL10021432A,1,28/12/2021 00:11,"{""type"": {""key"": ""/type/author""}, ""name"": ""Gabriel Vellutini"", ""key"": ""/authors/OL10021432A"", ""source_records"": [""bwb:9798543171578""], ""latest_revision"": 1, ""revision"": 1, ""created"": {""type"": ""/type/datetime"", ""value"": ""2021-12-28T00:11:56.181310""}, ""last_modified"": {""type"": ""/type/datetime"", ""value"": ""2021-12-28T00:11:56.181310""}}"
/type/author,/authors/OL10021653A,1,28/12/2021 00:27,"{""type"": {""key"": ""/type/author""}, ""name"": ""Louise store"", ""key"": ""/authors/OL10021653A"", ""source_records"": [""bwb:9798482163788""], ""latest_revision"": 1, ""revision"": 1, ""created"": {""type"": ""/type/datetime"", ""value"": ""2021-12-28T00:27:20.950888""}, ""last_modified"": {""type"": ""/type/datetime"", ""value"": ""2021-12-28T00:27:20.950888""}}"
/type/author,/authors/OL10022500A,1,28/12/2021 01:14,"{""type"": {""key"": ""/type/author""}, ""name"": ""ALWahed. STR Publication"", ""key"": ""/authors/OL10022500A"", ""source_records"": [""bwb:9798591510787""], ""latest_revision"": 1, ""revision"": 1, ""created"": {""type"": ""/type/datetime"", ""value"": ""2021-12-28T01:14:31.650450""}, ""last_modified"": {""type"": ""/type/datetime"", ""value"": ""2021-12-28T01:14:31.650450""}}"
/type/author,/authors/OL10022569A,1,28/12/2021 01:17,"{""type"": {""key"": ""/type/author""}, ""name"": ""MaKolton Publications"", ""key"": ""/authors/OL10022569A"", ""source_records"": [""bwb:9798542937847""], ""latest_revision"": 1, ""revision"": 1, ""created"": {""type"": ""/type/datetime"", ""value"": ""2021-12-28T01:17:53.191417""}, ""last_modified"": {""type"": ""/type/datetime"", ""value"": ""2021-12-28T01:17:53.191417""}}"
/type/author,/authors/OL10022934A,1,28/12/2021 01:32,"{""type"": {""key"": ""/type/author""}, ""name"": ""Kamalani Johnson"", ""key"": ""/authors/OL10022934A"", ""source_records"": [""bwb:9781736876275""], ""latest_revision"": 1, ""revision"": 1, ""created"": {""type"": ""/type/datetime"", ""value"": ""2021-12-28T01:32:58.063610""}, ""last_modified"": {""type"": ""/type/datetime"", ""value"": ""2021-12-28T01:32:58.063610""}}"
/type/author,/authors/OL10023144A,1,28/12/2021 01:37,"{""type"": {""key"": ""/type/author""}, ""name"": ""Krishna Subbarao"", ""key"": ""/authors/OL10023144A"", ""source_records"": [""bwb:9781601070081""], ""latest_revision"": 1, ""revision"": 1, ""created"": {""type"": ""/type/datetime"", ""value"": ""2021-12-28T01:37:23.857927""}, ""last_modified"": {""type"": ""/type/datetime"", ""value"": ""2021-12-28T01:37:23.857927""}}"
/type/author,/authors/OL10023527A,1,28/12/2021 01:48,"{""type"": {""key"": ""/type/author""}, ""name"": ""Elaine Chandler-Harris"", ""key"": ""/authors/OL10023527A"", ""source_records"": [""bwb:9781698709727""], ""latest_revision"": 1, ""revision"": 1, ""created"": {""type"": ""/type/datetime"", ""value"": ""2021-12-28T01:48:40.239601""}, ""last_modified"": {""type"": ""/type/datetime"", ""value"": ""2021-12-28T01:48:40.239601""}}"
/type/author,/authors/OL10023647A,1,28/12/2021 01:52,"{""type"": {""key"": ""/type/author""}, ""name"": ""Andrew McCollough"", ""key"": ""/authors/OL10023647A"", ""source_records"": [""bwb:9781630230586""], ""latest_revision"": 1, ""revision"": 1, ""created"": {""type"": ""/type/datetime"", ""value"": ""2021-12-28T01:52:18.349813""}, ""last_modified"": {""type"": ""/type/datetime"", ""value"": ""2021-12-28T01:52:18.349813""}}"
/type/author,/authors/OL10023909A,1,28/12/2021 01:58,"{""type"": {""key"": ""/type/author""}, ""name"": ""Rose Bousamra"", ""key"": ""/authors/OL10023909A"", ""source_records"": [""bwb:9781250259622""], ""latest_revision"": 1, ""revision"": 1, ""created"": {""type"": ""/type/datetime"", ""value"": ""2021-12-28T01:58:15.780275""}, ""last_modified"": {""type"": ""/type/datetime"", ""value"": ""2021-12-28T01:58:15.780275""}}"
/type/author,/authors/OL10024081A,1,28/12/2021 02:03,"{""type"": {""key"": ""/type/author""}, ""name"": ""Diana Mathena"", ""key"": ""/authors/OL10024081A"", ""source_records"": [""bwb:9781956688061""], ""latest_revision"": 1, ""revision"": 1, ""created"": {""type"": ""/type/datetime"", ""value"": ""2021-12-28T02:03:54.141800""}, ""last_modified"": {""type"": ""/type/datetime"", ""value"": ""2021-12-28T02:03:54.141800""}}"
/type/author,/authors/OL10024567A,1,28/12/2021 02:19,"{""type"": {""key"": ""/type/author""}, ""name"": ""Yoni Glaser"", ""key"": ""/authors/OL10024567A"", ""source_records"": [""bwb:9780578300054""], ""latest_revision"": 1, ""revision"": 1, ""created"": {""type"": ""/type/datetime"", ""value"": ""2021-12-28T02:19:13.280457""}, ""last_modified"": {""type"": ""/type/datetime"", ""value"": ""2021-12-28T02:19:13.280457""}}"
/type/author,/authors/OL10024571A,1,28/12/2021 02:19,"{""type"": {""key"": ""/type/author""}, ""name"": ""Red Knolls Press"", ""key"": ""/authors/OL10024571A"", ""source_records"": [""bwb:9798985014501""], ""latest_revision"": 1, ""revision"": 1, ""created"": {""type"": ""/type/datetime"", ""value"": ""2021-12-28T02:19:14.078102""}, ""last_modified"": {""type"": ""/type/datetime"", ""value"": ""2021-12-28T02:19:14.078102""}}"
/type/author,/authors/OL10025162A,1,28/12/2021 02:37,"{""type"": {""key"": ""/type/author""}, ""name"": ""asik press publication"", ""key"": ""/authors/OL10025162A"", ""source_records"": [""bwb:9798453196685""], ""latest_revision"": 1, ""revision"": 1, ""created"": {""type"": ""/type/datetime"", ""value"": ""2021-12-28T02:37:33.750105""}, ""last_modified"": {""type"": ""/type/datetime"", ""value"": ""2021-12-28T02:37:33.750105""}}"
/type/author,/authors/OL10025760A,1,28/12/2021 02:58,"{""type"": {""key"": ""/type/author""}, ""name"": ""Donnie Roc"", ""key"": ""/authors/OL10025760A"", ""source_records"": [""bwb:9798484292677""], ""latest_revision"": 1, ""revision"": 1, ""created"": {""type"": ""/type/datetime"", ""value"": ""2021-12-28T02:58:52.982363""}, ""last_modified"": {""type"": ""/type/datetime"", ""value"": ""2021-12-28T02:58:52.982363""}}"
/type/author,/authors/OL10025764A,1,28/12/2021 02:58,"{""type"": {""key"": ""/type/author""}, ""name"": ""Mohamed Al Amine"", ""key"": ""/authors/OL10025764A"", ""source_records"": [""bwb:9798579201485""], ""latest_revision"": 1, ""revision"": 1, ""created"": {""type"": ""/type/datetime"", ""value"": ""2021-12-28T02:58:55.622145""}, ""last_modified"": {""type"": ""/type/datetime"", ""value"": ""2021-12-28T02:58:55.622145""}}"
/type/author,/authors/OL10026028A,1,28/12/2021 03:10,"{""type"": {""key"": ""/type/author""}, ""name"": ""Hugues Pichon"", ""key"": ""/authors/OL10026028A"", ""source_records"": [""bwb:9798471948037""], ""latest_revision"": 1, ""revision"": 1, ""created"": {""type"": ""/type/datetime"", ""value"": ""2021-12-28T03:10:40.819664""}, ""last_modified"": {""type"": ""/type/datetime"", ""value"": ""2021-12-28T03:10:40.819664""}}"
/type/author,/authors/OL10026052A,1,28/12/2021 03:12,"{""type"": {""key"": ""/type/author""}, ""name"": ""Rarunam publishing"", ""key"": ""/authors/OL10026052A"", ""source_records"": [""bwb:9798517708038""], ""latest_revision"": 1, ""revision"": 1, ""created"": {""type"": ""/type/datetime"", ""value"": ""2021-12-28T03:12:06.711875""}, ""last_modified"": {""type"": ""/type/datetime"", ""value"": ""2021-12-28T03:12:06.711875""}}"
/type/author,/authors/OL100266A,3,12/04/2010 12:19,"{""name"": ""Marikan Haji Hamid."", ""personal_name"": ""Marikan Haji Hamid."", ""created"": {""type"": ""/type/datetime"", ""value"": ""2008-04-01T03:28:50.625462""}, ""alternate_names"": [""Marikan""], ""photos"": [5731252], ""last_modified"": {""type"": ""/type/datetime"", ""value"": ""2010-04-12T12:19:43.239002""}, ""latest_revision"": 3, ""location"": ""Kedah"", ""key"": ""/authors/OL100266A"", ""fuller_name"": ""Marikan Haji Hamid."", ""type"": {""key"": ""/type/author""}, ""revision"": 3}"
/type/author,/authors/OL10026752A,1,28/12/2021 03:44,"{""type"": {""key"": ""/type/author""}, ""name"": ""Hayden publisher"", ""key"": ""/authors/OL10026752A"", ""source_records"": [""bwb:9798530520679""], ""latest_revision"": 1, ""revision"": 1, ""created"": {""type"": ""/type/datetime"", ""value"": ""2021-12-28T03:44:25.085372""}, ""last_modified"": {""type"": ""/type/datetime"", ""value"": ""2021-12-28T03:44:25.085372""}}"
/type/author,/authors/OL10027029A,1,28/12/2021 03:58,"{""type"": {""key"": ""/type/author""}, ""name"": ""Pre Matrimoniale"", ""key"": ""/authors/OL10027029A"", ""source_records"": [""bwb:9798530697890""], ""latest_revision"": 1, ""revision"": 1, ""created"": {""type"": ""/type/datetime"", ""value"": ""2021-12-28T03:58:41.309516""}, ""last_modified"": {""type"": ""/type/datetime"", ""value"": ""2021-12-28T03:58:41.309516""}}"
/type/author,/authors/OL10027176A,1,28/12/2021 04:05,"{""type"": {""key"": ""/type/author""}, ""name"": ""Marcelo Orsi"", ""key"": ""/authors/OL10027176A"", ""source_records"": [""bwb:9798654890702""], ""latest_revision"": 1, ""revision"": 1, ""created"": {""type"": ""/type/datetime"", ""value"": ""2021-12-28T04:05:49.020224""}, ""last_modified"": {""type"": ""/type/datetime"", ""value"": ""2021-12-28T04:05:49.020224""}}"
/type/author,/authors/OL10028758A,1,28/12/2021 05:36,"{""type"": {""key"": ""/type/author""}, ""name"": ""Palmira Paronzini"", ""key"": ""/authors/OL10028758A"", ""source_records"": [""bwb:9798553962197""], ""latest_revision"": 1, ""revision"": 1, ""created"": {""type"": ""/type/datetime"", ""value"": ""2021-12-28T05:36:16.738476""}, ""last_modified"": {""type"": ""/type/datetime"", ""value"": ""2021-12-28T05:36:16.738476""}}"
/type/author,/authors/OL10028934A,1,28/12/2021 05:47,"{""type"": {""key"": ""/type/author""}, ""name"": ""Chad Kabus"", ""key"": ""/authors/OL10028934A"", ""source_records"": [""bwb:9798518893061""], ""latest_revision"": 1, ""revision"": 1, ""created"": {""type"": ""/type/datetime"", ""value"": ""2021-12-28T05:47:07.954100""}, ""last_modified"": {""type"": ""/type/datetime"", ""value"": ""2021-12-28T05:47:07.954100""}}"
/type/author,/authors/OL10029315A,1,28/12/2021 06:16,"{""type"": {""key"": ""/type/author""}, ""name"": ""Leo Kowald"", ""key"": ""/authors/OL10029315A"", ""source_records"": [""bwb:9781660477098""], ""latest_revision"": 1, ""revision"": 1, ""created"": {""type"": ""/type/datetime"", ""value"": ""2021-12-28T06:16:05.613623""}, ""last_modified"": {""type"": ""/type/datetime"", ""value"": ""2021-12-28T06:16:05.613623""}}"
/type/author,/authors/OL10029606A,1,28/12/2021 06:38,"{""type"": {""key"": ""/type/author""}, ""name"": ""Blurred Colors"", ""key"": ""/authors/OL10029606A"", ""source_records"": [""bwb:9798470895790""], ""latest_revision"": 1, ""revision"": 1, ""created"": {""type"": ""/type/datetime"", ""value"": ""2021-12-28T06:38:27.329897""}, ""last_modified"": {""type"": ""/type/datetime"", ""value"": ""2021-12-28T06:38:27.329897""}}"
/type/author,/authors/OL10029797A,1,28/12/2021 06:51,"{""type"": {""key"": ""/type/author""}, ""name"": ""Ambrose Ambrose Bierce"", ""key"": ""/authors/OL10029797A"", ""source_records"": [""bwb:9798466837377""], ""latest_revision"": 1, ""revision"": 1, ""created"": {""type"": ""/type/datetime"", ""value"": ""2021-12-28T06:51:42.451072""}, ""last_modified"": {""type"": ""/type/datetime"", ""value"": ""2021-12-28T06:51:42.451072""}}"
/type/author,/authors/OL10029843A,1,28/12/2021 06:54,"{""type"": {""key"": ""/type/author""}, ""name"": ""Paul Macy"", ""key"": ""/authors/OL10029843A"", ""source_records"": [""bwb:9798478486839""], ""latest_revision"": 1, ""revision"": 1, ""created"": {""type"": ""/type/datetime"", ""value"": ""2021-12-28T06:54:59.177329""}, ""last_modified"": {""type"": ""/type/datetime"", ""value"": ""2021-12-28T06:54:59.177329""}}"
/type/author,/authors/OL10030340A,1,28/12/2021 07:33,"{""type"": {""key"": ""/type/author""}, ""name"": ""floral weddings"", ""key"": ""/authors/OL10030340A"", ""source_records"": [""bwb:9798745274107""], ""latest_revision"": 1, ""revision"": 1, ""created"": {""type"": ""/type/datetime"", ""value"": ""2021-12-28T07:33:14.883830""}, ""last_modified"": {""type"": ""/type/datetime"", ""value"": ""2021-12-28T07:33:14.883830""}}"
/type/author,/authors/OL10030409A,1,28/12/2021 07:37,"{""type"": {""key"": ""/type/author""}, ""name"": ""Breanna Fuechsel"", ""key"": ""/authors/OL10030409A"", ""source_records"": [""bwb:9798491270897""], ""latest_revision"": 1, ""revision"": 1, ""created"": {""type"": ""/type/datetime"", ""value"": ""2021-12-28T07:37:57.251881""}, ""last_modified"": {""type"": ""/type/datetime"", ""value"": ""2021-12-28T07:37:57.251881""}}"
/type/author,/authors/OL10030747A,1,28/12/2021 08:01,"{""type"": {""key"": ""/type/author""}, ""name"": ""S. K. CORNER"", ""key"": ""/authors/OL10030747A"", ""source_records"": [""bwb:9798483722540""], ""latest_revision"": 1, ""revision"": 1, ""created"": {""type"": ""/type/datetime"", ""value"": ""2021-12-28T08:01:15.466264""}, ""last_modified"": {""type"": ""/type/datetime"", ""value"": ""2021-12-28T08:01:15.466264""}}"
/type/author,/authors/OL1003088A,2,20/08/2008 18:14,"{""name"": ""Janet Heinonen"", ""personal_name"": ""Janet Heinonen"", ""last_modified"": {""type"": ""/type/datetime"", ""value"": ""2008-08-20T18:14:02.531935""}, ""key"": ""/authors/OL1003088A"", ""birth_date"": ""1951"", ""type"": {""key"": ""/type/author""}, ""revision"": 2}"
/type/author,/authors/OL10030954A,1,28/12/2021 08:15,"{""type"": {""key"": ""/type/author""}, ""name"": ""Jade Design"", ""key"": ""/authors/OL10030954A"", ""source_records"": [""bwb:9798494939418""], ""latest_revision"": 1, ""revision"": 1, ""created"": {""type"": ""/type/datetime"", ""value"": ""2021-12-28T08:15:46.485138""}, ""last_modified"": {""type"": ""/type/datetime"", ""value"": ""2021-12-28T08:15:46.485138""}}"
/type/author,/authors/OL10030996A,1,28/12/2021 08:17,"{""type"": {""key"": ""/type/author""}, ""name"": ""Happy Mood EDITION"", ""key"": ""/authors/OL10030996A"", ""source_records"": [""bwb:9798488495913""], ""latest_revision"": 1, ""revision"": 1, ""created"": {""type"": ""/type/datetime"", ""value"": ""2021-12-28T08:17:48.279309""}, ""last_modified"": {""type"": ""/type/datetime"", ""value"": ""2021-12-28T08:17:48.279309""}}"
/type/author,/authors/OL10031354A,1,28/12/2021 08:45,"{""type"": {""key"": ""/type/author""}, ""name"": ""Aesthetic M. Aesthetic M Boss"", ""key"": ""/authors/OL10031354A"", ""source_records"": [""bwb:9798475952146""], ""latest_revision"": 1, ""revision"": 1, ""created"": {""type"": ""/type/datetime"", ""value"": ""2021-12-28T08:45:31.215118""}, ""last_modified"": {""type"": ""/type/datetime"", ""value"": ""2021-12-28T08:45:31.215118""}}"
/type/author,/authors/OL10031453A,1,28/12/2021 08:51,"{""type"": {""key"": ""/type/author""}, ""name"": ""Wendy Lambie"", ""key"": ""/authors/OL10031453A"", ""source_records"": [""bwb:9798477767724""], ""latest_revision"": 1, ""revision"": 1, ""created"": {""type"": ""/type/datetime"", ""value"": ""2021-12-28T08:51:24.333367""}, ""last_modified"": {""type"": ""/type/datetime"", ""value"": ""2021-12-28T08:51:24.333367""}}"
/type/author,/authors/OL1003190A,2,20/08/2008 18:14,"{""name"": ""Earl William Jones"", ""personal_name"": ""Earl William Jones"", ""last_modified"": {""type"": ""/type/datetime"", ""value"": ""2008-08-20T18:14:50.094529""}, ""key"": ""/authors/OL1003190A"", ""birth_date"": ""1921"", ""type"": {""key"": ""/type/author""}, ""revision"": 2}"
/type/author,/authors/OL10032097A,1,28/12/2021 09:16,"{""type"": {""key"": ""/type/author""}, ""name"": ""Jeannie Hartman"", ""key"": ""/authors/OL10032097A"", ""source_records"": [""bwb:9781735571638""], ""latest_revision"": 1, ""revision"": 1, ""created"": {""type"": ""/type/datetime"", ""value"": ""2021-12-28T09:16:05.823264""}, ""last_modified"": {""type"": ""/type/datetime"", ""value"": ""2021-12-28T09:16:05.823264""}}"
/type/author,/authors/OL10032187A,1,28/12/2021 09:18,"{""type"": {""key"": ""/type/author""}, ""name"": ""Roslen Roy Mack"", ""key"": ""/authors/OL10032187A"", ""source_records"": [""bwb:9781736321416""], ""latest_revision"": 1, ""revision"": 1, ""created"": {""type"": ""/type/datetime"", ""value"": ""2021-12-28T09:18:13.389942""}, ""last_modified"": {""type"": ""/type/datetime"", ""value"": ""2021-12-28T09:18:13.389942""}}"
/type/author,/authors/OL10032204A,1,28/12/2021 09:18,"{""type"": {""key"": ""/type/author""}, ""name"": ""Bobbie Graham"", ""key"": ""/authors/OL10032204A"", ""source_records"": [""bwb:9781737579205""], ""latest_revision"": 1, ""revision"": 1, ""created"": {""type"": ""/type/datetime"", ""value"": ""2021-12-28T09:18:31.568841""}, ""last_modified"": {""type"": ""/type/datetime"", ""value"": ""2021-12-28T09:18:31.568841""}}"
/type/author,/authors/OL10032282A,1,28/12/2021 09:19,"{""type"": {""key"": ""/type/author""}, ""name"": ""Shannan Stanke"", ""key"": ""/authors/OL10032282A"", ""source_records"": [""bwb:9780578310985""], ""latest_revision"": 1, ""revision"": 1, ""created"": {""type"": ""/type/datetime"", ""value"": ""2021-12-28T09:19:51.069191""}, ""last_modified"": {""type"": ""/type/datetime"", ""value"": ""2021-12-28T09:19:51.069191""}}"
/type/author,/authors/OL100322A,2,08/09/2008 16:21,"{""name"": ""Claude Alphonso Alvares"", ""personal_name"": ""Claude Alphonso Alvares"", ""last_modified"": {""type"": ""/type/datetime"", ""value"": ""2008-09-08T16:21:32.119837""}, ""key"": ""/authors/OL100322A"", ""type"": {""key"": ""/type/author""}, ""revision"": 2}"
/type/author,/authors/OL10032321A,1,28/12/2021 09:20,"{""type"": {""key"": ""/type/author""}, ""name"": ""Peggy Nash"", ""key"": ""/authors/OL10032321A"", ""source_records"": [""bwb:9781771136006""], ""latest_revision"": 1, ""revision"": 1, ""created"": {""type"": ""/type/datetime"", ""value"": ""2021-12-28T09:20:42.406468""}, ""last_modified"": {""type"": ""/type/datetime"", ""value"": ""2021-12-28T09:20:42.406468""}}"
/type/author,/authors/OL10032323A,1,28/12/2021 09:20,"{""type"": {""key"": ""/type/author""}, ""name"": ""Elissa Title"", ""key"": ""/authors/OL10032323A"", ""source_records"": [""bwb:9781006442612""], ""latest_revision"": 1, ""revision"": 1, ""created"": {""type"": ""/type/datetime"", ""value"": ""2021-12-28T09:20:44.014052""}, ""last_modified"": {""type"": ""/type/datetime"", ""value"": ""2021-12-28T09:20:44.014052""}}"
/type/author,/authors/OL10032351A,1,28/12/2021 09:21,"{""type"": {""key"": ""/type/author""}, ""name"": ""Karla Courtney"", ""key"": ""/authors/OL10032351A"", ""source_records"": [""bwb:9781536211528""], ""latest_revision"": 1, ""revision"": 1, ""created"": {""type"": ""/type/datetime"", ""value"": ""2021-12-28T09:21:41.281889""}, ""last_modified"": {""type"": ""/type/datetime"", ""value"": ""2021-12-28T09:21:41.281889""}}"
/type/author,/authors/OL10032555A,1,28/12/2021 09:29,"{""type"": {""key"": ""/type/author""}, ""name"": ""Curtis E. Krueger"", ""key"": ""/authors/OL10032555A"", ""source_records"": [""bwb:9780578311326""], ""latest_revision"": 1, ""revision"": 1, ""created"": {""type"": ""/type/datetime"", ""value"": ""2021-12-28T09:29:41.310923""}, ""last_modified"": {""type"": ""/type/datetime"", ""value"": ""2021-12-28T09:29:41.310923""}}"
/type/author,/authors/OL10032574A,1,28/12/2021 09:29,"{""type"": {""key"": ""/type/author""}, ""name"": ""Beah Paula Cruz"", ""key"": ""/authors/OL10032574A"", ""source_records"": [""bwb:9798985091519""], ""latest_revision"": 1, ""revision"": 1, ""created"": {""type"": ""/type/datetime"", ""value"": ""2021-12-28T09:29:57.065269""}, ""last_modified"": {""type"": ""/type/datetime"", ""value"": ""2021-12-28T09:29:57.065269""}}"
/type/author,/authors/OL10033078A,1,28/12/2021 09:47,"{""type"": {""key"": ""/type/author""}, ""name"": ""Gning Saelee"", ""key"": ""/authors/OL10033078A"", ""source_records"": [""bwb:9780578948959""], ""latest_revision"": 1, ""revision"": 1, ""created"": {""type"": ""/type/datetime"", ""value"": ""2021-12-28T09:47:01.762786""}, ""last_modified"": {""type"": ""/type/datetime"", ""value"": ""2021-12-28T09:47:01.762786""}}"
/type/author,/authors/OL10033159A,1,28/12/2021 09:50,"{""type"": {""key"": ""/type/author""}, ""name"": ""Jordan Grumet"", ""key"": ""/authors/OL10033159A"", ""source_records"": [""bwb:9781646043545""], ""latest_revision"": 1, ""revision"": 1, ""created"": {""type"": ""/type/datetime"", ""value"": ""2021-12-28T09:50:38.505499""}, ""last_modified"": {""type"": ""/type/datetime"", ""value"": ""2021-12-28T09:50:38.505499""}}"
/type/author,/authors/OL10033165A,1,28/12/2021 09:51,"{""type"": {""key"": ""/type/author""}, ""name"": ""Amy Chu"", ""key"": ""/authors/OL10033165A"", ""source_records"": [""bwb:9781637150436""], ""latest_revision"": 1, ""revision"": 1, ""created"": {""type"": ""/type/datetime"", ""value"": ""2021-12-28T09:51:50.208760""}, ""last_modified"": {""type"": ""/type/datetime"", ""value"": ""2021-12-28T09:51:50.208760""}}"
/type/author,/authors/OL10033173A,1,28/12/2021 09:53,"{""type"": {""key"": ""/type/author""}, ""name"": ""Ren Hutchings"", ""key"": ""/authors/OL10033173A"", ""source_records"": [""bwb:9781786185921""], ""latest_revision"": 1, ""revision"": 1, ""created"": {""type"": ""/type/datetime"", ""value"": ""2021-12-28T09:53:49.098336""}, ""last_modified"": {""type"": ""/type/datetime"", ""value"": ""2021-12-28T09:53:49.098336""}}"
/type/author,/authors/OL10033415A,1,28/12/2021 10:08,"{""type"": {""key"": ""/type/author""}, ""name"": ""Jocelyn Joret"", ""key"": ""/authors/OL10033415A"", ""source_records"": [""bwb:9781950912827""], ""latest_revision"": 1, ""revision"": 1, ""created"": {""type"": ""/type/datetime"", ""value"": ""2021-12-28T10:08:18.031203""}, ""last_modified"": {""type"": ""/type/datetime"", ""value"": ""2021-12-28T10:08:18.031203""}}"
/type/author,/authors/OL10033523A,1,28/12/2021 10:11,"{""type"": {""key"": ""/type/author""}, ""name"": ""Norma Alicia Balderrabano Saucedo"", ""key"": ""/authors/OL10033523A"", ""source_records"": [""bwb:9798985154306""], ""latest_revision"": 1, ""revision"": 1, ""created"": {""type"": ""/type/datetime"", ""value"": ""2021-12-28T10:11:05.405072""}, ""last_modified"": {""type"": ""/type/datetime"", ""value"": ""2021-12-28T10:11:05.405072""}}"
/type/author,/authors/OL1003352A,2,20/08/2008 18:16,"{""name"": ""M. Carmen Gallo"", ""personal_name"": ""M. Carmen Gallo"", ""last_modified"": {""type"": ""/type/datetime"", ""value"": ""2008-08-20T18:16:46.298022""}, ""key"": ""/authors/OL1003352A"", ""birth_date"": ""1954"", ""type"": {""key"": ""/type/author""}, ""revision"": 2}"
/type/author,/authors/OL10034056A,1,28/12/2021 10:26,"{""type"": {""key"": ""/type/author""}, ""name"": ""B. Yegen"", ""key"": ""/authors/OL10034056A"", ""source_records"": [""bwb:9789752778672""], ""latest_revision"": 1, ""revision"": 1, ""created"": {""type"": ""/type/datetime"", ""value"": ""2021-12-28T10:26:39.561519""}, ""last_modified"": {""type"": ""/type/datetime"", ""value"": ""2021-12-28T10:26:39.561519""}}"
/type/author,/authors/OL10034828A,1,28/12/2021 10:56,"{""type"": {""key"": ""/type/author""}, ""name"": ""Miko Note!"", ""key"": ""/authors/OL10034828A"", ""source_records"": [""bwb:9798704080923""], ""latest_revision"": 1, ""revision"": 1, ""created"": {""type"": ""/type/datetime"", ""value"": ""2021-12-28T10:56:02.901385""}, ""last_modified"": {""type"": ""/type/datetime"", ""value"": ""2021-12-28T10:56:02.901385""}}"
/type/author,/authors/OL10034873A,1,28/12/2021 10:58,"{""type"": {""key"": ""/type/author""}, ""name"": ""L'teralle Shinn"", ""key"": ""/authors/OL10034873A"", ""source_records"": [""bwb:9798475098592""], ""latest_revision"": 1, ""revision"": 1, ""created"": {""type"": ""/type/datetime"", ""value"": ""2021-12-28T10:58:09.147415""}, ""last_modified"": {""type"": ""/type/datetime"", ""value"": ""2021-12-28T10:58:09.147415""}}"
/type/author,/authors/OL10034906A,1,28/12/2021 10:59,"{""type"": {""key"": ""/type/author""}, ""name"": ""Groundhog Day Publishing Co."", ""key"": ""/authors/OL10034906A"", ""source_records"": [""bwb:9781096505518""], ""latest_revision"": 1, ""revision"": 1, ""created"": {""type"": ""/type/datetime"", ""value"": ""2021-12-28T10:59:29.023203""}, ""last_modified"": {""type"": ""/type/datetime"", ""value"": ""2021-12-28T10:59:29.023203""}}"
